{
  "強風吹拂": "17384",
  "排球少年!! 第四季": null,
  "藍色監獄 VS. 日本代表 U-20": null,
  "黑子的籃球": null,
  "鑽石王牌": null,
  "飆速宅男 第五季": null,
  "足球風雲！Goal to the Future": "20786",
  "網球王子": "31153",
  "白領羽球部": "19321",
  "蜻蛉高球": "27046",
  "無職轉生~到了異世界就拿出真本事~ (第2季)": null,
  "Re:從零開始的異世界生活 第1季": null,
  "關於我轉生變成史萊姆這檔事 第1季": null,
  "為美好的世界獻上爆焰！": "23246",
  "名湯「異世界溫泉」開拓記": "26203",
  "轉生賢者的異世界生活": "21049",
  "轉生成蜘蛛又怎樣！": "14640",
  "異世界藥局": "20885",
  "異世界迷宮裡的後宮生活": "21011",
  "轉生貴族的異世界冒險錄": "23245",
  "明日同學的水手服": "18962",
  "夏目友人帳": null,
  "水星領航員": null,
  "新 我們這一家": "2578",
  "SPY×FAMILY 間諜家家酒": null,
  "比宇宙更遠的地方": "12704",
  "房間露營": "12703",
  "雙人單身露營": "31281",
  "異世界悠閒農家": "22427",
  "江戶前精靈": "23334",
  "進擊的巨人 The Final Season": null,
  "命運石之門": null,
  "夏日重現": null,
  "藥師少女的獨語": null,
  "咒術迴戰 死滅迴游 前篇": "32428",
  "朋友遊戲": "31432",
  "怪物事變": "14624",
  "風都偵探": "21157",
  "偵探已經，死了。": "16763",
  "異世界自殺突擊隊": "27855",
  "孤獨搖滾！": "21772",
  "輝夜姬想讓人告白？": "32347",
  "銀魂 3年Z班銀八老師": "31733",
  "鹿乃子乃子乃子虎視眈眈": "27905",
  "蠟筆小新 海外版": "5364",
  "天地創造設計部": "14619",
  "月刊少女野崎同學": "5310",
  "派對咖孔明": "21246",
  "烏龍派出所特別篇": "24692",
  "咒術迴戰 (第1季)": null,
  "我的英雄學院外傳：非法英雄 第二季": null,
  "判處勇者刑": "32447",
  "咒術迴戰": "32428",
  "炎炎消防隊": null,
  "相反的你和我": "32423",
  "火喰鳥": null,
  "拷問": "26411",
  "我推的孩子": "23277",
  "燃油車鬥魂": null,
  "葬送的芙莉蓮": null
}