{
  "1181": [
    "怪醫黑傑克21"
  ],
  "1183": [
    "怪醫黑傑克"
  ],
  "1518": [
    "加速世界"
  ],
  "1528": [
    "來自風平浪靜的明日"
  ],
  "1536": [
    "槍彈辯駁—希望學園與絕望高中生"
  ],
  "1551": [
    "三坪房間的侵略者！？"
  ],
  "1814": [
    "狼少女和黑王子"
  ],
  "1903": [
    "男子高校生的日常"
  ],
  "2187": [
    "惡魔奶爸"
  ],
  "2357": [
    "學園孤島"
  ],
  "2369": [
    "魔法戰爭"
  ],
  "2501": [
    "弁魔士賽希爾"
  ],
  "2578": [
    "新 我們這一家"
  ],
  "2719": [
    "虹色時光"
  ],
  "2721": [
    "Luck & Logic"
  ],
  "2878": [
    "當女孩遇到熊"
  ],
  "2953": [
    "冰菓"
  ],
  "3088": [
    "這個美術社大有問題！"
  ],
  "3090": [
    "吸血鬼僕人"
  ],
  "3092": [
    "男子啦啦隊！！"
  ],
  "3111": [
    "槍彈辯駁3未來編"
  ],
  "3113": [
    "槍彈辯駁3絕望編"
  ],
  "3246": [
    "神裝少女小纏"
  ],
  "3250": [
    "我太受歡迎了該怎麼辦"
  ],
  "3356": [
    "鎖鏈戰記 赫克瑟塔斯之光"
  ],
  "3389": [
    "混沌之子"
  ],
  "3595": [
    "史上最強弟子兼一"
  ],
  "3666": [
    "Hina Logic"
  ],
  "3704": [
    "假面騎士OOO"
  ],
  "3745": [
    "假面騎士W"
  ],
  "3918": [
    "Just Because！"
  ],
  "3926": [
    "寶石之國"
  ],
  "3928": [
    "少女終末旅行"
  ],
  "3946": [
    "我的女友是個過度認真的處女Bitch"
  ],
  "4229": [
    "蒼翼默示錄"
  ],
  "4268": [
    "伊藤潤二驚選集"
  ],
  "4705": [
    "庫洛魔法使 透明牌篇"
  ],
  "4791": [
    "ACCA 13區監察課"
  ],
  "4801": [
    "監獄學園"
  ],
  "5222": [
    "多田君不戀愛"
  ],
  "5237": [
    "音樂少女"
  ],
  "5267": [
    "紅蓮之王"
  ],
  "5310": [
    "月刊少女野崎同學"
  ],
  "5364": [
    "蠟筆小新 海外版"
  ],
  "5465": [
    "維度戰記"
  ],
  "5567": [
    "書店裡的骷髏店員本田"
  ],
  "5759": [
    "亞人醬有話要說"
  ],
  "5834": [
    "笨拙之極的上野"
  ],
  "6103": [
    "魔道書七使者"
  ],
  "6306": [
    "一個人的○○小日子"
  ],
  "6383": [
    "黑白來看守所"
  ],
  "6482": [
    "ViVid Strike"
  ],
  "6556": [
    "實況主的逃脫遊戲【直播中】"
  ],
  "6582": [
    "魔法少女小圓"
  ],
  "6632": [
    "為了女兒，我說不定連魔王都能幹掉。"
  ],
  "6796": [
    "Fate/Grand Order-絕對魔獸戰線巴比倫尼亞-"
  ],
  "7047": [
    "這個勇者明明超TUEEE卻過度謹慎！"
  ],
  "7049": [
    "神田川JET GIRLS"
  ],
  "7050": [
    "廚病激發BOY"
  ],
  "7071": [
    "慕戀英雄"
  ],
  "10214": [
    "神推偶像登上武道館我就死而無憾"
  ],
  "10689": [
    "寶石商人理察的謎鑑定"
  ],
  "10713": [
    "number24"
  ],
  "10857": [
    "神偷怪盜1412"
  ],
  "11250": [
    "棋靈王"
  ],
  "11274": [
    "放學後堤防日誌"
  ],
  "11284": [
    "社長，戰鬥的時間到了！"
  ],
  "11309": [
    "白貓Project Zero Chronicle 零之紀元"
  ],
  "11322": [
    "闇影詩章"
  ],
  "11336": [
    "噴嚏大魔王2020"
  ],
  "11543": [
    "南家三姊妹 第四季-我回來了"
  ],
  "11578": [
    "TIGER×DRAGON!"
  ],
  "11785": [
    "罪惡王冠"
  ],
  "11822": [
    "ENDRO!"
  ],
  "11833": [
    "新櫻花大戰 the Animation"
  ],
  "11864": [
    "衛宮家今天的餐桌風景"
  ],
  "11865": [
    "戲劇性謀殺"
  ],
  "11921": [
    "魯邦三世 Part4"
  ],
  "12289": [
    "DECA-DENCE"
  ],
  "12300": [
    "巨人族的新娘"
  ],
  "12306": [
    "高校之神"
  ],
  "12307": [
    "Lapis Re：LiGHTs"
  ],
  "12308": [
    "魔物娘的醫生"
  ],
  "12312": [
    "魔法律事務所 第二季"
  ],
  "12696": [
    "GIBIATE獵魔武士"
  ],
  "12702": [
    "格萊普尼爾"
  ],
  "12703": [
    "房間露營"
  ],
  "12704": [
    "比宇宙更遠的地方"
  ],
  "13115": [
    "家庭教師HITMAN REBORN!"
  ],
  "13310": [
    "異世界魔王與召喚少女的奴隸魔術"
  ],
  "13325": [
    "流汗吧！健身少女"
  ],
  "13365": [
    "鋼之鍊金術師"
  ],
  "13505": [
    "彼方的阿斯特拉"
  ],
  "13557": [
    "憂國的莫里亞蒂"
  ],
  "13559": [
    "大貴族"
  ],
  "13560": [
    "無能力者娜娜"
  ],
  "13622": [
    "攀岩少女！"
  ],
  "13627": [
    "魔女之旅"
  ],
  "13628": [
    "BURN THE WITCH 龍與魔女"
  ],
  "13639": [
    "成神之日"
  ],
  "13657": [
    "光之戰記-ZUERST-"
  ],
  "13667": [
    "勇者鬥惡龍 達伊的大冒險"
  ],
  "13684": [
    "鐵路浪漫譚"
  ],
  "13702": [
    "體操武士"
  ],
  "13705": [
    "D4DJ First Mix"
  ],
  "14006": [
    "搖滾少女!! 活力棉花糖!!"
  ],
  "14057": [
    "不正經的魔術講師與禁忌教典"
  ],
  "14058": [
    "幼女戰記"
  ],
  "14163": [
    "斬！赤紅之瞳"
  ],
  "14165": [
    "慢活開始"
  ],
  "14169": [
    "魔彈之王與戰姬"
  ],
  "14308": [
    "假面騎士 Drive"
  ],
  "14423": [
    "石膏BOYS"
  ],
  "14425": [
    "惡魔戰線"
  ],
  "14449": [
    "櫻花忍法帖"
  ],
  "14617": [
    "比方說，這是個出身魔王關附近的少年在新手村生活的故事"
  ],
  "14619": [
    "天地創造設計部"
  ],
  "14621": [
    "工作細胞BLACK"
  ],
  "14622": [
    "Praeter之傷"
  ],
  "14623": [
    "怪病醫拉姆尼"
  ],
  "14624": [
    "怪物事變"
  ],
  "14638": [
    "WAVE!!~來衝浪吧!!~"
  ],
  "14640": [
    "轉生成蜘蛛又怎樣！"
  ],
  "14641": [
    "幼女社長"
  ],
  "14691": [
    "SK8 the Infinity"
  ],
  "14700": [
    "ICHU偶像進行曲"
  ],
  "14766": [
    "搖滾少女!! STARS!!"
  ],
  "14790": [
    "蟲師 續章"
  ],
  "15259": [
    "彗星路西法"
  ],
  "15473": [
    "你還是不懂群馬"
  ],
  "15746": [
    "佐賀偶像是傳奇 捲土重來"
  ],
  "15747": [
    "刮掉鬍子的我與撿到的女高中生"
  ],
  "15748": [
    "東京復仇者"
  ],
  "15780": [
    "青梅竹馬絕對不會輸的戀愛喜劇"
  ],
  "15781": [
    "戰鬥員派遣中"
  ],
  "15821": [
    "本田小狼與我"
  ],
  "15824": [
    "奇巧計程車"
  ],
  "15825": [
    "真白之音"
  ],
  "15880": [
    "86-不存在的戰區-"
  ],
  "15882": [
    "Vivy -Fluorite Eyeʼs Song-"
  ],
  "15883": [
    "義呆利World Stars"
  ],
  "15884": [
    "七騎士：革命 -英雄的繼承者-"
  ],
  "15885": [
    "再見了，我的克拉默"
  ],
  "15900": [
    "灼熱卡巴迪"
  ],
  "15944": [
    "擾亂 THE PRINCESS OF SNOW AND BLOOD"
  ],
  "15961": [
    "壽司大相撲"
  ],
  "15992": [
    "美麗新世界 The Animation"
  ],
  "16015": [
    "後空翻少年!!"
  ],
  "16142": [
    "異世界魔王與召喚少女的奴隸魔術Ω"
  ],
  "16684": [
    "緋紅結繫"
  ],
  "16689": [
    "桃子男孩渡海而來"
  ],
  "16693": [
    "RE-MAIN"
  ],
  "16746": [
    "叫我對大哥"
  ],
  "16747": [
    "叫我對大哥(極短篇)"
  ],
  "16752": [
    "魔法科高中的優等生"
  ],
  "16753": [
    "IDOLiSH 7-偶像星願- Third BEAT!"
  ],
  "16757": [
    "白沙的Aquatope"
  ],
  "16758": [
    "魔法紀錄 魔法少女小圓外傳 第二季"
  ],
  "16759": [
    "瓦尼塔斯的手札"
  ],
  "16760": [
    "急戰5秒殊死鬥"
  ],
  "16763": [
    "偵探已經，死了。"
  ],
  "16764": [
    "開掛藥師的異世界悠閒生活"
  ],
  "16767": [
    "女神宿舍的管理員。"
  ],
  "16774": [
    "Fate/Grand Carnival"
  ],
  "16775": [
    "蓋特機器人ARC"
  ],
  "16784": [
    "我們的重製人生"
  ],
  "16936": [
    "漂流少年"
  ],
  "16977": [
    "平穩世代的韋駄天們"
  ],
  "17108": [
    "國中高一貫!!鬼滅學園物語"
  ],
  "17344": [
    "Fate／Stay night"
  ],
  "17384": [
    "強風吹拂"
  ],
  "17407": [
    "一週的朋友"
  ],
  "17512": [
    "殘念生物事典"
  ],
  "17659": [
    "加油吧同期醬"
  ],
  "17740": [
    "前輩有夠煩"
  ],
  "17748": [
    "VISUAL PRISON視覺監獄"
  ],
  "17763": [
    "SELECTION PROJECT"
  ],
  "17765": [
    "大正處女御伽話"
  ],
  "17768": [
    "逆轉世界的電池少女"
  ],
  "17769": [
    "陰陽眼見子"
  ],
  "17772": [
    "世界頂尖的暗殺者轉生為異世界貴族"
  ],
  "17791": [
    "四月是你的謊言"
  ],
  "17798": [
    "Muv-Luv Alternative"
  ],
  "17853": [
    "月與萊卡與吸血公主"
  ],
  "17888": [
    "橘色榮耀！"
  ],
  "17890": [
    "宿命迴響：命運節拍"
  ],
  "17899": [
    "魯邦三世 PART6"
  ],
  "17909": [
    "BUILD-DIVIDE -#000000- CODE BLACK"
  ],
  "17912": [
    "狂熱深淵-迷失的孩子"
  ],
  "18036": [
    "遊戲人生"
  ],
  "18524": [
    "櫻花莊的寵物女孩"
  ],
  "18608": [
    "幸腹塗鴉"
  ],
  "18653": [
    "91天"
  ],
  "18752": [
    "擅長捉弄人的高木同學 第三季"
  ],
  "18754": [
    "天才王子的赤字國家重生術"
  ],
  "18757": [
    "東京24區"
  ],
  "18759": [
    "食鏽末世錄"
  ],
  "18760": [
    "自稱賢者弟子的賢者"
  ],
  "18781": [
    "終末的後宮(無修版)"
  ],
  "18801": [
    "佐佐木與宮野"
  ],
  "18804": [
    "怪人開發部的黑井津小姐"
  ],
  "18824": [
    "秘密內幕-女警的反擊"
  ],
  "18825": [
    "少女前線"
  ],
  "18900": [
    "Futsal Boys!!!!!"
  ],
  "18901": [
    "失格紋的最強賢者"
  ],
  "18904": [
    "薔薇王的葬列"
  ],
  "18959": [
    "終末的後宮(有修版)"
  ],
  "18962": [
    "明日同學的水手服"
  ],
  "19052": [
    "灰與幻想的格林姆迦爾"
  ],
  "19093": [
    "TRIBE NINE"
  ],
  "19096": [
    "幻想三國誌-天元靈心記"
  ],
  "19113": [
    "櫻花任務"
  ],
  "19153": [
    "與變成了異世界美少女的大叔一起冒險"
  ],
  "19317": [
    "未確認進行式"
  ],
  "19320": [
    "Fairy gone"
  ],
  "19321": [
    "白領羽球部"
  ],
  "19352": [
    "Fantasista Doll"
  ],
  "19625": [
    "單次付費",
    "岸邊露伴一動也不動"
  ],
  "19790": [
    "骸骨騎士大人異世界冒險中"
  ],
  "19791": [
    "史上最強大魔王轉生為村民A"
  ],
  "19796": [
    "式守同學不只可愛而已"
  ],
  "19919": [
    "魔法使黎明期"
  ],
  "19987": [
    "群青的開幕曲"
  ],
  "20029": [
    "處刑少女的生存之道"
  ],
  "20032": [
    "Love All Play"
  ],
  "20035": [
    "勇者、辭職不幹了"
  ],
  "20038": [
    "相合之物"
  ],
  "20044": [
    "愛在征服世界後"
  ],
  "20048": [
    "這個僧侶有夠煩"
  ],
  "20098": [
    "BUILD-DIVIDE -#FFFFFF- CODE WHITE"
  ],
  "20151": [
    "女忍者椿的心事"
  ],
  "20785": [
    "神渣☆偶像"
  ],
  "20786": [
    "足球風雲！Goal to the Future"
  ],
  "20885": [
    "異世界藥局"
  ],
  "20891": [
    "Lycoris Recoil莉可麗絲"
  ],
  "20925": [
    "契約之吻"
  ],
  "20984": [
    "Orange 橘色奇蹟"
  ],
  "20990": [
    "閃電霹靂車"
  ],
  "21004": [
    "幽零幻鏡"
  ],
  "21011": [
    "異世界迷宮裡的後宮生活"
  ],
  "21018": [
    "黑之召喚士"
  ],
  "21021": [
    "繼母的拖油瓶是我的前女友"
  ],
  "21027": [
    "新來的女傭有點怪"
  ],
  "21049": [
    "轉生賢者的異世界生活～取得第二職業，成為世界最強～"
  ],
  "21093": [
    "組長女兒與保姆"
  ],
  "21100": [
    "奇米萌CHIMIMO"
  ],
  "21107": [
    "幕末替身傳說"
  ],
  "21148": [
    "超級小白"
  ],
  "21157": [
    "風都偵探"
  ],
  "21246": [
    "派對咖孔明"
  ],
  "21332": [
    "憂國的莫里亞蒂OVA"
  ],
  "21635": [
    "結界師"
  ],
  "21661": [
    "被勇者隊伍開除的馭獸使、邂逅了最強種的貓耳少女"
  ],
  "21727": [
    "呆萌酷男孩"
  ],
  "21728": [
    "烙印勇士 黃金時代篇MEMORIAL EDITION"
  ],
  "21772": [
    "孤獨搖滾！"
  ],
  "21778": [
    "轉生就是劍"
  ],
  "21782": [
    "因為是反派大小姐所以養了魔王"
  ],
  "21789": [
    "我家師傅沒有尾巴"
  ],
  "21798": [
    "鏈鋸人"
  ],
  "21825": [
    "夫婦以上，戀人未滿。"
  ],
  "21905": [
    "後宮之烏"
  ],
  "21973": [
    "書蟲公主"
  ],
  "21976": [
    "不道德公會"
  ],
  "22032": [
    "烈火澆愁"
  ],
  "22133": [
    "名偵探柯南 警察學校篇 Wild Police Story CASE"
  ],
  "22363": [
    "我與機器子"
  ],
  "22426": [
    "英雄王，為了窮盡武道而轉生~而後成為世界最強見習騎士"
  ],
  "22427": [
    "異世界悠閒農家"
  ],
  "22526": [
    "冰屬性男子與無表情女子"
  ],
  "22572": [
    "銀砂糖師與黑妖精"
  ],
  "22579": [
    "小智是女孩啦！"
  ],
  "22588": [
    "轉生公主與天才千金的魔法革命"
  ],
  "22592": [
    "不相信人類的冒險者們好像要去拯救世界"
  ],
  "22631": [
    "Buddy Daddies殺手奶爸"
  ],
  "22653": [
    "間諜教室"
  ],
  "22659": [
    "物之古物奇譚"
  ],
  "22669": [
    "無意間變成狗，被喜歡的女生撿回家。"
  ],
  "22674": [
    "不當哥哥了！"
  ],
  "22679": [
    "冰劍的魔術師將要統一世界"
  ],
  "22684": [
    "TRIGUN STAMPEDE"
  ],
  "22690": [
    "妖幻三重奏"
  ],
  "22698": [
    "關於我在無意間被隔壁的天使變成廢柴這件事"
  ],
  "22701": [
    "D4DJ All Mix"
  ],
  "22707": [
    "最強陰陽師的異世界轉生記"
  ],
  "22724": [
    "被解僱的暗黑士兵（30多歲）開始了慢生活的第二人生"
  ],
  "22750": [
    "久保同學不放過我"
  ],
  "22758": [
    "阿魯斯的巨獸"
  ],
  "22776": [
    "無論何時我們的戀情都是10厘米"
  ],
  "22894": [
    "無意間變成狗，被喜歡的女生撿回家。無修版"
  ],
  "23170": [
    "勇者死了！"
  ],
  "23172": [
    "在異世界獲得超強能力的我，在現實世界照樣無敵~等級提升改變人生命運~"
  ],
  "23210": [
    "和山田談場Lv999的戀愛"
  ],
  "23228": [
    "鄰人似銀河"
  ],
  "23245": [
    "轉生貴族的異世界冒險錄～不知自重的眾神使徒～"
  ],
  "23246": [
    "為美好的世界獻上爆焰！"
  ],
  "23249": [
    "我家的英雄"
  ],
  "23270": [
    "她去公爵家的理由"
  ],
  "23274": [
    "機戰少女Alice Expansion"
  ],
  "23277": [
    "《我推的孩子》",
    "【我推的孩子】",
    "跟播 更新至27集"
  ],
  "23280": [
    "屍體如山的死亡遊戲"
  ],
  "23334": [
    "江戶前精靈"
  ],
  "23376": [
    "第二次被異世界召喚"
  ],
  "23461": [
    "無神世界的神明活動"
  ],
  "23585": [
    "情色漫畫老師"
  ],
  "23630": [
    "放學後失眠的你"
  ],
  "23865": [
    "黑暗集會"
  ],
  "23866": [
    "殭屍100~在成為殭屍前要做的100件事~"
  ],
  "23867": [
    "雖然等級只有1級但固有技能是最強的"
  ],
  "23868": [
    "甜點轉生"
  ],
  "23907": [
    "聖者無雙~上班族的異世界生存之道~"
  ],
  "24005": [
    "白聖女與黑牧師"
  ],
  "24006": [
    "BanG Dream! Its MyGO!!!!!"
  ],
  "24045": [
    "AI電子基因"
  ],
  "24046": [
    "成為悲劇元兇的最強異端，最後頭目女王為了人民犧牲奉獻"
  ],
  "24062": [
    "AYAKA ‐綾島奇譚‐"
  ],
  "24104": [
    "LV1魔王與獨居廢勇者"
  ],
  "24109": [
    "萊莎的鍊金工房 ～常闇女王與秘密藏身處～ The Animation"
  ],
  "24130": [
    "滿懷美夢的少年是現實主義者"
  ],
  "24133": [
    "我喜歡的女孩忘記戴眼鏡"
  ],
  "24153": [
    "不死少女的謀殺鬧劇"
  ],
  "24156": [
    "能幹貓今天也憂鬱"
  ],
  "24208": [
    "妙廟美少女"
  ],
  "24209": [
    "謊言遊戲"
  ],
  "24446": [
    "其實，我是最強的？"
  ],
  "24449": [
    "七魔劍支配天下"
  ],
  "24450": [
    "勇者赫魯庫"
  ],
  "24534": [
    "英雄教室"
  ],
  "24692": [
    "烏龍派出所特別篇"
  ],
  "24882": [
    "狩龍人拉格納"
  ],
  "24883": [
    "SHY 靦腆英雄"
  ],
  "25122": [
    "我們的雨色協議"
  ],
  "25157": [
    "豬肝記得煮熟再吃"
  ],
  "25158": [
    "16bit 的感動 ANOTHER LAYER"
  ],
  "25159": [
    "某大叔的VRMMO活動記"
  ],
  "25297": [
    "位於戀愛光譜極端的我們"
  ],
  "25299": [
    "暴食狂戰士"
  ],
  "25300": [
    "重生者的魔法一定要特別"
  ],
  "25311": [
    "地下忍者"
  ],
  "25312": [
    "想當冒險者前往都市的女兒成為S級"
  ],
  "25313": [
    "撿走被人悔婚的千金，教會她壞壞的幸福生活"
  ],
  "25314": [
    "聖劍學院的魔劍使"
  ],
  "25315": [
    "B-PROJECT 〜熱烈＊Love Call〜"
  ],
  "25316": [
    "家裡蹲吸血姬的鬱悶"
  ],
  "25317": [
    "川越男子歌唱團"
  ],
  "25324": [
    "大小姐和看門犬"
  ],
  "25335": [
    "不死不運"
  ],
  "25357": [
    "堤亞穆帝國物語~從斷頭台開始，公主重生後的逆轉人生~"
  ],
  "25358": [
    "超超超超超喜歡你的100個女朋友"
  ],
  "25393": [
    "烈焰先鋒 救國的橘衣消防員"
  ],
  "25431": [
    "凹凸魔女的親子日常"
  ],
  "25436": [
    "競速OVERTAKE!"
  ],
  "25457": [
    "Paradox Live THE ANIMATION"
  ],
  "25508": [
    "巨獸防衛企業 BULLBUSTER"
  ],
  "25517": [
    "聖魔大戰 BIKKURI-MEN"
  ],
  "25520": [
    "小不點"
  ],
  "25538": [
    "柚木家的四兄弟"
  ],
  "25556": [
    "破滅的王國"
  ],
  "25559": [
    "我的新上司是天然呆"
  ],
  "25585": [
    "暴走哈姆醬"
  ],
  "25637": [
    "戽斗星球"
  ],
  "25693": [
    "遊戲王SEVENS"
  ],
  "25707": [
    "愛犬訊號"
  ],
  "25810": [
    "奴隸區"
  ],
  "25811": [
    "從零開始的魔法書"
  ],
  "25882": [
    "超人力霸王布雷薩"
  ],
  "25925": [
    "來自繽紛世界的明日"
  ],
  "26127": [
    "治癒魔法的錯誤使用法"
  ],
  "26128": [
    "佐佐木與文鳥小嗶"
  ],
  "26129": [
    "指尖相觸，戀戀不捨"
  ],
  "26154": [
    "秒殺外掛太強了，異世界的傢伙們根本就不是對手。"
  ],
  "26158": [
    "輪迴七次的惡役千金，在前敵國享受隨心所欲的新婚生活"
  ],
  "26166": [
    "休假的壞人先生"
  ],
  "26175": [
    "百千家的妖怪王子"
  ],
  "26188": [
    "非自願的不死冒險者"
  ],
  "26190": [
    "超人力霸王特利卡"
  ],
  "26191": [
    "超人力霸王德卡"
  ],
  "26203": [
    "名湯「異世界溫泉」開拓記~30多歲溫泉狂熱者，轉生到悠閒的溫泉天國~(有修版)"
  ],
  "26204": [
    "魔都精兵的奴隸(無修版)"
  ],
  "26245": [
    "魔都精兵的奴隸(有修版)"
  ],
  "26271": [
    "名湯「異世界溫泉」開拓記~30多歲溫泉狂熱者，轉生到悠閒的溫泉天國~(無修版)"
  ],
  "26287": [
    "最強肉盾的迷宮攻略～擁有稀少技能體力9999的肉盾，被勇者隊伍辭退了～"
  ],
  "26312": [
    "婚戒物語"
  ],
  "26315": [
    "弱角友崎同學 2nd STAGE"
  ],
  "26385": [
    "超人力霸王傑特"
  ],
  "26391": [
    "婚戒物語 (無修正版)"
  ],
  "26408": [
    "愚蠢天使與惡魔共舞"
  ],
  "26411": [
    "公主殿下，「拷問」的時間到了"
  ],
  "26428": [
    "如果30歲還是處男，似乎就能成為魔法師"
  ],
  "26437": [
    "金屬口紅"
  ],
  "26443": [
    "最弱魔物使開始了撿垃圾之旅。"
  ],
  "26453": [
    "小酒館Basue"
  ],
  "26692": [
    "超人力霸王歐布"
  ],
  "26757": [
    "虧成首富從遊戲開始"
  ],
  "26805": [
    "假面騎士GEATS"
  ],
  "26863": [
    "從Lv2開始開外掛的前勇者候補過著悠哉異世界生活"
  ],
  "26864": [
    "Re:Monster"
  ],
  "26865": [
    "夜櫻家大作戰"
  ],
  "26868": [
    "夜晚的水母不會游泳"
  ],
  "26945": [
    "THE NEW GATE"
  ],
  "26953": [
    "超人力霸王 X"
  ],
  "26954": [
    "超人力霸王大河"
  ],
  "26981": [
    "約會大作戰 第五季"
  ],
  "27037": [
    "格鬥實況"
  ],
  "27046": [
    "蜻蛉高球"
  ],
  "27060": [
    "恰如細語般的戀歌"
  ],
  "27061": [
    "怪人的沙拉碗"
  ],
  "27062": [
    "王牌酒保 Glass of God"
  ],
  "27092": [
    "極速星舞"
  ],
  "27094": [
    "星際莊的戀愛日記"
  ],
  "27100": [
    "蔚藍檔案 The Animation"
  ],
  "27116": [
    "龍族 (日語配音)"
  ],
  "27119": [
    "龍族 (中文配音)"
  ],
  "27122": [
    "單人房、日照一般、附天使。"
  ],
  "27136": [
    "RINKAI！女子競輪"
  ],
  "27139": [
    "花野井同學與戀愛病"
  ],
  "27142": [
    "失憶投捕"
  ],
  "27210": [
    "我回來了、歡迎回家"
  ],
  "27213": [
    "七侯筆錄"
  ],
  "27214": [
    "正經少主的幸福生活"
  ],
  "27217": [
    "愛幽的密室"
  ],
  "27339": [
    "超人力霸王羅布"
  ],
  "27489": [
    "citrus ~柑橘味香氣~"
  ],
  "27499": [
    "遊戲王VRAINS"
  ],
  "27523": [
    "超人力霸王捷德"
  ],
  "27562": [
    "遊戲王－怪獸之決鬥"
  ],
  "27588": [
    "超人力霸王銀河"
  ],
  "27589": [
    "超人力霸王銀河S"
  ],
  "27593": [
    "鬼滅之刃 刀匠村篇 特別編輯版"
  ],
  "27661": [
    "百煉霸王與聖約女武神"
  ],
  "27664": [
    "愛吃拉麵的小泉同學"
  ],
  "27762": [
    "今天的晚餐就是你"
  ],
  "27778": [
    "Fairy Tail 魔導少年 百年任務"
  ],
  "27779": [
    "靠廢柴技能【狀態異常】成為最強的我將蹂躪一切"
  ],
  "27780": [
    "新人大叔冒險者，被最強隊伍操到死成無敵"
  ],
  "27781": [
    "敗北女角太多了！"
  ],
  "27787": [
    "超人力霸王雅克"
  ],
  "27818": [
    "杖與劍的魔劍譚"
  ],
  "27819": [
    "我要【招架】一切~反誤解的世界最強想成為冒險家~"
  ],
  "27820": [
    "2.5次元的誘惑"
  ],
  "27855": [
    "異世界自殺突擊隊"
  ],
  "27862": [
    "魔王軍最強的魔術師是人類"
  ],
  "27874": [
    "異世界悠閒紀行～邊養娃邊當冒險者～"
  ],
  "27875": [
    "擅長逃跑的殿下"
  ],
  "27876": [
    "從路人角色開始的探索英雄譚"
  ],
  "27904": [
    "地下城中的人"
  ],
  "27905": [
    "鹿乃子乃子乃子虎視眈眈"
  ],
  "27913": [
    "精靈小姐瘦不了"
  ],
  "27915": [
    "不時輕聲地以俄語遮羞的鄰座艾莉同學"
  ],
  "27918": [
    "黃昏光影"
  ],
  "27922": [
    "物語系列 第外季&第怪季"
  ],
  "27923": [
    "精靈小姐瘦不了(無修版)"
  ],
  "27930": [
    "模擬後宮體驗"
  ],
  "27942": [
    "現代誤譯"
  ],
  "27943": [
    "曾經、魔法少女和邪惡相互為敵。"
  ],
  "27957": [
    "這個世界漏洞百出"
  ],
  "27960": [
    "天穗之咲稻姬"
  ],
  "27972": [
    "身為VTuber的我因為忘記關台而成了傳說"
  ],
  "27982": [
    "深夜Punch"
  ],
  "27988": [
    "哎咕島消失的舔甜歌姬"
  ],
  "28036": [
    "為何我的世界被遺忘了？"
  ],
  "28060": [
    "超人力霸王傑洛：英雄傳"
  ],
  "28069": [
    "無聊就完結"
  ],
  "28085": [
    "愛上她的理由"
  ],
  "28122": [
    "她不當女主很多年"
  ],
  "28140": [
    "遊戲王ARC-V"
  ],
  "28182": [
    "TRUMP系列Delicoʼs Nursery"
  ],
  "28416": [
    "酷洛米的繽紛旅程"
  ],
  "28542": [
    "魔王陛下，RETRY！R"
  ],
  "28543": [
    "凍牌~地下麻將鬥牌錄~"
  ],
  "28545": [
    "再見龍生，你好人生"
  ],
  "28716": [
    "軒轅劍 蒼之曜"
  ],
  "28717": [
    "Acro Trip 頂尖惡路"
  ],
  "28719": [
    "轉生成貓咪的大叔"
  ],
  "28720": [
    "魔王2099"
  ],
  "28725": [
    "孤單一人的異世界攻略"
  ],
  "28726": [
    "嘆氣的亡靈想隱退"
  ],
  "28756": [
    "最狂輔助職業【話術士】世界最強戰團聽我號令"
  ],
  "28791": [
    "精靈幻想記 第二季"
  ],
  "28792": [
    "尋神的旅途"
  ],
  "28799": [
    "妻子變成小學生。"
  ],
  "28802": [
    "妖怪學校的菜鳥老師！"
  ],
  "28804": [
    "被逐出隊伍的治癒師，其實是最強"
  ],
  "28806": [
    "Love Live! Superstar!! 第三季"
  ],
  "28810": [
    "當不成魔法師的女孩"
  ],
  "28832": [
    "去參加聯誼，卻發現完全沒有女生在場"
  ],
  "28855": [
    "一兆＄遊戲"
  ],
  "28858": [
    "女僕冥土小姐"
  ],
  "28996": [
    "假面騎士Gotchard"
  ],
  "29071": [
    "DDDD惡魔的破壞"
  ],
  "29100": [
    "拉麵赤貓"
  ],
  "29101": [
    "學姊是男孩"
  ],
  "29342": [
    "唯願來世不相識"
  ],
  "29350": [
    "結緣甘神神社"
  ],
  "29365": [
    "聽說你們要結婚！？"
  ],
  "29367": [
    "機械臂"
  ],
  "29368": [
    "偶像大師 閃耀色彩 第二季"
  ],
  "29406": [
    "遲早是最強的鍊金術師？"
  ],
  "29407": [
    "群花綻放、彷如修羅"
  ],
  "29413": [
    "在沖繩喜歡上的女孩方言講得太過令人困擾"
  ],
  "29422": [
    "歡迎來到日本，妖精小姐。"
  ],
  "29450": [
    "假面騎士GAVV"
  ],
  "29458": [
    "烏鴉不擇主"
  ],
  "29459": [
    "S級怪獸《貝希摩斯》被誤認成小貓，成為精靈女孩的騎士（寵物）一起生活"
  ],
  "29460": [
    "S級怪獸《貝希摩斯》被誤認成小貓，成為精靈女孩的騎士（寵物）一起生活(無霧氣版)"
  ],
  "29482": [
    "米奇與達利"
  ],
  "29483": [
    "反派千金等級99～我是隱藏頭目但不是魔王～"
  ],
  "29484": [
    "身為魔王的我娶了奴隸精靈為妻，該如何表白我的愛？"
  ],
  "29485": [
    "終究，與你相戀。"
  ],
  "29486": [
    "魔法使的約定"
  ],
  "29491": [
    "老夫老妻重返青春"
  ],
  "29492": [
    "離開A級隊伍的我，和從前的弟子往迷宮深處邁進"
  ],
  "29493": [
    "我和班上最討厭的女生結婚了。"
  ],
  "29495": [
    "我想蹺掉太子妃培訓"
  ],
  "29496": [
    "中年大叔轉生反派千金"
  ],
  "29498": [
    "不幸職業【鑑定士】其實是最強的"
  ],
  "29499": [
    "MOMENTARY LILY 剎那之花"
  ],
  "29500": [
    "BanG Dream! Ave Mujica"
  ],
  "29503": [
    "勇氣爆發 BANG BRAVERN"
  ],
  "29504": [
    "夢想成為魔法少女"
  ],
  "29508": [
    "Fate/strange Fake",
    "跟播 更新至4集"
  ],
  "29514": [
    "卡片戰鬥先導者 Divinez 第三季 DELUXE篇"
  ],
  "29515": [
    "青春特調蜂蜜檸檬蘇打"
  ],
  "29534": [
    "天久鷹央的推理病歷表"
  ],
  "29539": [
    "一桿青空"
  ],
  "29540": [
    "雖然是公會的櫃檯小姐，但因為不想加班所以打算獨自討伐迷宮頭目"
  ],
  "29541": [
    "SSSS.GRIDMAN"
  ],
  "29542": [
    "平凡上班族到異世界當上了四天王的故事"
  ],
  "29574": [
    "我與尼特女忍者的莫名同居生活"
  ],
  "29583": [
    "這公司有我喜歡的人"
  ],
  "29611": [
    "FARMAGIA魔農傳記"
  ],
  "29612": [
    "魔神創造傳"
  ],
  "29625": [
    "兩不疑 第一季"
  ],
  "29701": [
    "黃昏旅店"
  ],
  "29768": [
    "我的妻子不具感情"
  ],
  "29773": [
    "女王的手術刀"
  ],
  "29774": [
    "魔女與野獸"
  ],
  "29775": [
    "我的推是壞人大小姐"
  ],
  "29776": [
    "獻祭公主與獸王"
  ],
  "29777": [
    "萬事屋齋藤先生轉生異世界"
  ],
  "29790": [
    "我們這一家NEXT"
  ],
  "29833": [
    "天官賜福 動畫短片"
  ],
  "29940": [
    "希靈紀元"
  ],
  "29941": [
    "春原莊的管理員小姐"
  ],
  "29964": [
    "WITCH WATCH 魔女守護者"
  ],
  "29965": [
    "mono女孩"
  ],
  "29995": [
    "凡爾賽玫瑰"
  ],
  "30019": [
    "我是星際國家的惡德領主！"
  ],
  "30251": [
    "Summer Pockets"
  ],
  "30252": [
    "外星人姆姆"
  ],
  "30253": [
    "神統記"
  ],
  "30254": [
    "愛有點沉重的暗黑精靈從異世界緊追不放(有修版)"
  ],
  "30255": [
    "愛有點沉重的暗黑精靈從異世界緊追不放(無修版)"
  ],
  "30304": [
    "快藏好！瑪琪娜同學!!(有修版)"
  ],
  "30305": [
    "快藏好！瑪琪娜同學!!(無修版)"
  ],
  "30306": [
    "使人誤解的工房主~關於原英雄隊伍的雜役人員，實際上除了戰鬥能力外全是SSS的故事~"
  ],
  "30317": [
    "Classic★Stars – 古典樂★之星"
  ],
  "30321": [
    "鬼人幻燈抄"
  ],
  "30324": [
    "LAZARUS拉撒路"
  ],
  "30331": [
    "忍者與殺手的兩人生活"
  ],
  "30337": [
    "歲月流逝飯菜依舊美味"
  ],
  "30342": [
    "瞬間治癒卻被當成廢物踢出隊伍的天才治療師，改當無照治療師快樂過活"
  ],
  "30343": [
    "搖滾樂是淑女的嗜好"
  ],
  "30349": [
    "完美到難以接近的聖女遭到解除婚約後被賣到鄰國"
  ],
  "30358": [
    "正義使者-我的英雄學院之非法英雄"
  ],
  "30360": [
    "九龍大眾浪漫"
  ],
  "30361": [
    "中禪寺老師妖怪講義錄 解謎就交給老師"
  ],
  "30362": [
    "男女之間存在純友情嗎？（不，不存在！）"
  ],
  "30363": [
    "安妮．雪莉"
  ],
  "30373": [
    "記憶縫線YOUR FORMA"
  ],
  "30377": [
    "搞笑漫畫日和 GO"
  ],
  "30378": [
    "前橋魔女"
  ],
  "30381": [
    "終末起點"
  ],
  "30383": [
    "紫雲寺家的兄弟姊妹"
  ],
  "30447": [
    "貓娘樂園"
  ],
  "30482": [
    "Lycoris Recoil 莉可麗絲：友誼是時間的竊賊"
  ],
  "30510": [
    "轉生為白豬貴族的我，運用前世記憶養育雛鳥般的弟弟"
  ],
  "30583": [
    "聲優廣播的幕前幕後"
  ],
  "30589": [
    "搞笑漫畫日和 第一季"
  ],
  "30622": [
    "隨興旅"
  ],
  "30624": [
    "華 Doll*"
  ],
  "30640": [
    "藍色管弦樂"
  ],
  "30664": [
    "搞笑漫畫日和 第二季"
  ],
  "30709": [
    "金裝的維爾梅～瀕臨留級的魔法師聯手最強災厄勇闖魔法世界～"
  ],
  "30710": [
    "點滿農民相關技能後，不知為何就變強了。"
  ],
  "30711": [
    "女性向遊戲世界對路人角色很不友好"
  ],
  "30712": [
    "躍動青春"
  ],
  "30749": [
    "搞笑漫畫日和 第三季"
  ],
  "30833": [
    "搞笑漫畫日和 +"
  ],
  "30835": [
    "真・武士傳YAIBA"
  ],
  "30884": [
    "超人力霸王奧米加"
  ],
  "30887": [
    "破爛千金被姊姊的原婚約者溺愛著"
  ],
  "30888": [
    "徹夜之歌 第二季"
  ],
  "30928": [
    "神之塔"
  ],
  "30929": [
    "偶像大師 灰姑娘女孩U149"
  ],
  "30944": [
    "醜男真戰士"
  ],
  "30948": [
    "歌聲是法式千層酥"
  ],
  "30953": [
    "歡迎光臨流放者食堂！"
  ],
  "30956": [
    "琉璃的寶石"
  ],
  "30957": [
    "出入禁止的鼴鼠"
  ],
  "30958": [
    "卡片戰鬥先導者 Divinez DELUXE決勝篇"
  ],
  "30959": [
    "Bad Girl 不良少女"
  ],
  "30960": [
    "Silent Witch 沉默魔女的祕密"
  ],
  "30966": [
    "帝乃三姊妹意外地容易相處。"
  ],
  "30969": [
    "公爵千金的家庭教師"
  ],
  "30970": [
    "章魚嗶的原罪"
  ],
  "30971": [
    "費馬的料理"
  ],
  "30974": [
    "水屬性的魔法師"
  ],
  "30975": [
    "為丑女獻上花束"
  ],
  "30976": [
    "9-nine- 支配者的王冠"
  ],
  "30977": [
    "神椿市建設中。"
  ],
  "30990": [
    "氣絕勇者與暗殺公主"
  ],
  "30991": [
    "青春豬頭少年不會夢到聖誕服女郎"
  ],
  "30992": [
    "人妻的嘴唇嚐起來有罐裝沙瓦的味道(無修版)"
  ],
  "30993": [
    "人妻的嘴唇嚐起來有罐裝沙瓦的味道(有修版)"
  ],
  "30994": [
    "異世界默示錄麥諾格拉~從毀滅文明開始征服世界~"
  ],
  "31000": [
    "詭秘之主：小丑篇"
  ],
  "31014": [
    "杜鵑婚約 第二季"
  ],
  "31046": [
    "陰陽迴天 Re:Birth Verse"
  ],
  "31052": [
    "殺手旅店"
  ],
  "31066": [
    "桃源暗鬼"
  ],
  "31083": [
    "全修。"
  ],
  "31084": [
    "神之塔 第二季"
  ],
  "31085": [
    "直至魔女消逝"
  ],
  "31093": [
    "被驅逐出勇者隊伍的白魔導師，被S級冒險者撿到"
  ],
  "31095": [
    "受到猩猩之神庇佑的大小姐受到王立騎士團寵愛"
  ],
  "31096": [
    "綻裂?!/無人能敵"
  ],
  "31097": [
    "魔法製造者～異世界魔法的製作方法～"
  ],
  "31099": [
    "義妹生活"
  ],
  "31100": [
    "我們不可能成為戀人！絕對不行。 (※似乎可行？)"
  ],
  "31110": [
    "雙生戀情密不可分"
  ],
  "31111": [
    "成為名留歷史的壞女人吧"
  ],
  "31112": [
    "重啟人生的千金小姐正在攻略龍帝陛下"
  ],
  "31113": [
    "Gachiakuta"
  ],
  "31128": [
    "強者的新傳說"
  ],
  "31133": [
    "渡同學的××瀕臨崩壞"
  ],
  "31137": [
    "保齡球少女！"
  ],
  "31150": [
    "和雨．和你"
  ],
  "31153": [
    "網球王子"
  ],
  "31180": [
    "與遊戲中心的少女異文化交流的故事"
  ],
  "31188": [
    "新我們這一家 (台語配音)"
  ],
  "31196": [
    "黑化吧！聖女大人"
  ],
  "31212": [
    "紅戰士在異世界成了冒險者"
  ],
  "31225": [
    "怪醫黑傑克 FLASH ANIME"
  ],
  "31226": [
    "NUKITASHI住在拔作島上的我該如何是好？(無修版)"
  ],
  "31227": [
    "NUKITASHI住在拔作島上的我該如何是好？(有修版)"
  ],
  "31252": [
    "Clevatess - 魔獸之王與嬰兒與屍之勇者"
  ],
  "31253": [
    "最近的偵探真沒用"
  ],
  "31256": [
    "明天，美食廣場見。"
  ],
  "31267": [
    "龍族II 悼亡者之瞳"
  ],
  "31281": [
    "雙人單身露營"
  ],
  "31291": [
    "中年男的異世界網購生活"
  ],
  "31295": [
    "異世界失格"
  ],
  "31296": [
    "怪異與少女與神隱"
  ],
  "31298": [
    "拜託請穿上，鷹峰同學"
  ],
  "31299": [
    "去唱卡拉OK吧!"
  ],
  "31300": [
    "為你著迷"
  ],
  "31404": [
    "魔動王"
  ],
  "31432": [
    "朋友遊戲"
  ],
  "31438": [
    "失業魔王"
  ],
  "31439": [
    "涅庫羅諾美子的宇宙恐怖秀"
  ],
  "31474": [
    "新上架",
    "旋風管家！第一季"
  ],
  "31545": [
    "鏈鋸人 總集篇"
  ],
  "31587": [
    "素材採集家的異世界旅行記"
  ],
  "31588": [
    "谷圍南亭"
  ],
  "31608": [
    "轉生惡女的黑歷史"
  ],
  "31609": [
    "胖子與愛情以及過錯！"
  ],
  "31625": [
    "東京地震8.0"
  ],
  "31628": [
    "矢野同學的普通日常"
  ],
  "31631": [
    "永遠的黃昏"
  ],
  "31638": [
    "這裡是充滿笑容的職場。"
  ],
  "31639": [
    "黃阿瑪的後宮生活《同名動畫》"
  ],
  "31645": [
    "野生的大魔王出現了！"
  ],
  "31648": [
    "差點在迷宮深處被信任的夥伴殺掉，但靠著天賜技能「無限扭蛋」獲得等級9999的夥伴，我要向前隊友和世界展開復仇&「給他們好看！」"
  ],
  "31649": [
    "最後可以再拜託您一件事嗎?"
  ],
  "31654": [
    "身為暗殺者的我明顯比勇者還強"
  ],
  "31655": [
    "SI-VIS：英雄之聲",
    "跟播 新集數"
  ],
  "31659": [
    "甲鐵城的卡巴內里"
  ],
  "31660": [
    "潘朵拉之心"
  ],
  "31661": [
    "小手指同學，請別亂摸"
  ],
  "31662": [
    "不擅吸血的吸血鬼"
  ],
  "31668": [
    "野原廣志 午餐的流派"
  ],
  "31672": [
    "轉生後的我成了英雄爸爸和精靈媽媽的女兒"
  ],
  "31673": [
    "我的英雄學院 FINAL SEASON"
  ],
  "31674": [
    "不中用的前輩。"
  ],
  "31675": [
    "藍色管弦樂 第二季",
    "跟播 新集數"
  ],
  "31679": [
    "假面騎士ZEZTZ (日文配音)",
    "跟播"
  ],
  "31682": [
    "假面騎士ZEZTZ(中文配音)",
    "跟播 新集數"
  ],
  "31683": [
    "無職英雄：技能什麼的毫無用處"
  ],
  "31684": [
    "妖怪旅館營業中 貳"
  ],
  "31685": [
    "三線輪洄",
    "跟播 更新至14集"
  ],
  "31688": [
    "Let's Play 充滿挑戰的人生"
  ],
  "31710": [
    "朋友的妹妹只纏著我"
  ],
  "31711": [
    "東島丹三郎想成為假面騎士",
    "跟播 更新至16集"
  ],
  "31712": [
    "末世二輪之旅"
  ],
  "31719": [
    "魔法公主的小煩惱"
  ],
  "31729": [
    "跟播 新集數",
    "龍族II 悼亡者之瞳 (日語配音)"
  ],
  "31730": [
    "惡食千金與狂血公爵～那個魔物我就美美地享用了！～"
  ],
  "31731": [
    "娑婆氣"
  ],
  "31732": [
    "貫徹輔助魔法支援弱小隊友的宮廷魔法師，慘遭驅逐後目標成為最強冒險者"
  ],
  "31733": [
    "銀魂 3年Z班銀八老師"
  ],
  "31761": [
    "對我垂涎欲滴的非人少女"
  ],
  "31762": [
    "無尾熊繪日記",
    "跟播 新集數"
  ],
  "31821": [
    "魔法藥水救救我"
  ],
  "31826": [
    "GNOSIA",
    "跟播 新集數"
  ],
  "31846": [
    "婚戒物語 第二季"
  ],
  "31849": [
    "機械女僕．瑪麗"
  ],
  "31892": [
    "彈珠汽水瓶裡的千歲同學"
  ],
  "31894": [
    "科學小飛俠",
    "跟播 新集數"
  ],
  "31895": [
    "命運拳台"
  ],
  "31897": [
    "怪想售"
  ],
  "31898": [
    "靠你啦! 戰神系統"
  ],
  "31899": [
    "我開動物園那些年"
  ],
  "31902": [
    "杜鵑婚約 第一季"
  ],
  "31906": [
    "從前從前有隻貓！世界喵童話",
    "跟播 新集數"
  ],
  "31907": [
    "少女型兵器想要成為家人"
  ],
  "31948": [
    "我們這一家 293~331 (台語配音)"
  ],
  "32075": [
    "靈異教師神眉"
  ],
  "32152": [
    "異世界四重奏 第三季"
  ],
  "32229": [
    "發條精靈戰記 - 天鏡的極北之星"
  ],
  "32260": [
    "夢幻遊戲(中文配音)",
    "跟播 新集數"
  ],
  "32307": [
    "《何百芮的地獄戀曲》"
  ],
  "32312": [
    "戀愛限制區域"
  ],
  "32335": [
    "跟播 更新至4集",
    "阿爾涅事件簿"
  ],
  "32336": [
    "跟播 更新至4集",
    "透明男子與人類女孩～兩人遲早會成為夫妻～"
  ],
  "32337": [
    "優雅貴族的休假指南",
    "跟播 更新至4集"
  ],
  "32338": [
    "異國日記",
    "跟播 更新至4集"
  ],
  "32339": [
    "厄里斯的聖杯",
    "跟播 更新至4集"
  ],
  "32341": [
    "午夜的傾心旋律",
    "跟播 更新至4集"
  ],
  "32342": [
    "安逸領主的愉快領地防衛~用生產系魔術將無名村改造成最強要塞都市~",
    "跟播 更新至4集"
  ],
  "32343": [
    "跟播",
    "魔都精兵的奴隸 第二季 (無修版)"
  ],
  "32344": [
    "跟播",
    "魔都精兵的奴隸 第二季 (有修版)"
  ],
  "32345": [
    "「憑妳也想討伐魔王？」被勇者小隊逐出隊伍，只好在王都自在過活",
    "跟播"
  ],
  "32347": [
    "輝夜姬想讓人告白？特別篇「邁向大人的階梯」"
  ],
  "32351": [
    "勇者之渣",
    "跟播 更新至3集"
  ],
  "32367": [
    "跟播",
    "鬼影投手"
  ],
  "32373": [
    "跟播 更新至4集",
    "身為魔族的我 想向勇者小隊的可愛女孩告白"
  ],
  "32381": [
    "語意錯誤"
  ],
  "32382": [
    "四週戀人"
  ],
  "32384": [
    "無家可歸"
  ],
  "32385": [
    "那個夏天"
  ],
  "32386": [
    "赤狐"
  ],
  "32390": [
    "泛而不精的我被逐出了勇者隊伍",
    "跟播 更新至5集"
  ],
  "32399": [
    "貴族轉生~得天眷顧一出生就獲得最強力量~",
    "跟播 更新至4集"
  ],
  "32400": [
    "和機器人啪啪啪能算在經驗人數裡嗎？？(有修版)",
    "跟播"
  ],
  "32401": [
    "和機器人啪啪啪能算在經驗人數裡嗎？？(無修版)",
    "跟播"
  ],
  "32405": [
    "跟播 更新至5集",
    "魔術師庫諾看得見一切"
  ],
  "32406": [
    "花樣少年少女",
    "跟播 更新至5集"
  ],
  "32407": [
    "地獄模式 ～喜歡挑戰特殊成就的玩家在廢設定的異世界成為無雙～",
    "跟播"
  ],
  "32408": [
    "蘑菇魔女",
    "跟播"
  ],
  "32409": [
    "異世界的處置依社畜而定",
    "跟播 更新至4集"
  ],
  "32410": [
    "跟播 更新至4集",
    "靠死亡遊戲混飯吃。"
  ],
  "32411": [
    "跟播 更新至3集",
    "轉生之後的我變成了龍蛋~目標是世界最強~"
  ],
  "32414": [
    "跟播",
    "高校！奇面組"
  ],
  "32417": [
    "跟播 更新至4集",
    "青梅竹馬的戀愛喜劇無法成立"
  ],
  "32421": [
    "正義使者-我的英雄學院之非法英雄 第二季",
    "跟播 更新至4集"
  ],
  "32423": [
    "相反的你和我",
    "跟播 更新至3集"
  ],
  "32425": [
    "大江戶烈火殺手 - 鳳凰傳說",
    "跟播 更新至3集"
  ],
  "32426": [
    "終究，與你相戀。第二季",
    "跟播"
  ],
  "32428": [
    "《咒術迴戰 死滅迴游 前篇》"
  ],
  "32445": [
    "現在的是哪一個多聞!?",
    "跟播 更新至5集"
  ],
  "32446": [
    "公主殿下，「拷問」的時間到了 第二季",
    "跟播 更新至15集"
  ],
  "32447": [
    "判處勇者刑",
    "跟播 更新至4集"
  ],
  "32448": [
    "神八小妹不可怕",
    "跟播 更新至3集"
  ],
  "32449": [
    "打工仔的拷問日常",
    "跟播 更新至4集"
  ],
  "32450": [
    "死亡帳號",
    "跟播"
  ],
  "32524": [
    "金字塔遊戲"
  ],
  "32526": [
    "DARK MOON：月之神壇",
    "跟播"
  ],
  "32527": [
    "TRIGUN STARGAZE",
    "跟播"
  ],
  "32538": [
    "老虎來了"
  ],
  "32541": [
    "新上架",
    "神龍少女"
  ],
  "32587": [
    "卡片戰鬥先導者 DivineZ幻真星戰篇",
    "跟播"
  ],
  "32602": [
    "超級秘密",
    "跟播 新上架"
  ]
}