{
  "Sports": [],
  "Isekai": [],
  "Healing": [
    {
      "title": "比宇宙更遠的地方",
      "url": "https://www.myvideo.net.tw/details/3/12704"
    }
  ],
  "Suspense": [
    {
      "title": "怪物事變",
      "url": "https://www.myvideo.net.tw/details/3/14624"
    },
    {
      "title": "朋友遊戲",
      "url": "https://www.myvideo.net.tw/details/3/31432"
    }
  ],
  "Comedy": [
    {
      "title": "孤獨搖滾！",
      "url": "https://www.myvideo.net.tw/details/3/21772"
    },
    {
      "title": "輝夜姬想讓人告白？特別篇「邁向大人的階梯」",
      "url": "https://www.myvideo.net.tw/details/3/32347"
    },
    {
      "title": "銀魂 3年Z班銀八老師",
      "url": "https://www.myvideo.net.tw/details/3/31733"
    },
    {
      "title": "鹿乃子乃子乃子虎視眈眈",
      "url": "https://www.myvideo.net.tw/details/3/27905"
    }
  ]
}